year,adm1_name,lc_class,lc_name,growing_mean_ndvi,anomaly_growing_mean_ndvi,summer_temp_anomaly,summer_sm_anomaly,stress_score,resistance_candidate
2017.0,Baden-Wuerttemberg,1,forest,0.7449780873486812,0.016231425418338902,-0.1793274815715598,0.01587592092436271,-0.19520340249592263,0.1356659213705524
2017.0,Bayern,1,forest,0.7255195876626656,0.012996579438469885,-0.299477876831111,0.006766942415627348,-0.30624481924673713,0.09900364021323997
2017.0,Berlin,1,forest,0.6179138422101966,0.0077105949720553965,-1.518719524882779,0.08086062297881723,-1.599580147861597,0.004716561398954255
2017.0,Brandenburg,1,forest,0.697605370636225,0.02000477052035994,-1.3218678339933458,0.06955133796254144,-1.3914191719558875,0.014766596624873842
2017.0,Bremen,1,forest,0.6549527530364372,0.010110336096651913,-0.9543066829927652,0.04171751414398478,-0.9960241971367501,0.01075620539012033
2017.0,Hamburg,1,forest,0.6268970263151706,0.013524139950732556,-1.2372322002674323,0.04976642766918235,-1.2869986279366148,0.010423319170157076
2017.0,Hessen,1,forest,0.7329805118294865,0.018688289710496537,-0.6765539203173692,0.03740940499104629,-0.7139633253084157,0.026278002709557595
2017.0,Mecklenburg-Vorpommern,1,forest,0.6975077631608045,0.01636012986156988,-1.3992090984564975,0.07097028218447228,-1.4701793806409702,0.011063876015762114
2017.0,Niedersachsen,1,forest,0.7219912982353858,0.020727621606577228,-1.096939277744658,0.054958006139090305,-1.151897283883748,0.017868693800283653
2017.0,Nordrhein-Westfalen,1,forest,0.7153156634676356,0.02185127932908607,-0.5516259583560779,0.03547028747189386,-0.587096245827971,0.03830574900548938
2017.0,Rheinland-Pfalz,1,forest,0.7399407703573819,0.018448637974741014,-0.3038028659227575,0.011165884972010282,-0.3149687508947672,0.06340708229935409
2017.0,Saarland,1,forest,0.7267130879188619,0.024336899104483823,-0.16897807348310856,0.0015118321066674414,-0.17048990558977606,0.160241054421422
2017.0,Sachsen,1,forest,0.6936799111775452,0.014570008387730569,-0.7394120962723825,0.033682672476306345,-0.7730947687486881,0.01783315516388575
2017.0,Sachsen-Anhalt,1,forest,0.704766814906306,0.030662474466119864,-1.1724958879613543,0.05252801659949118,-1.2250239045608464,0.025119513369376657
2017.0,Schleswig-Holstein,1,forest,0.7099971892276102,0.014561940764830646,-1.199093539380303,0.05004071307926764,-1.2491342524595705,0.011800325249125212
2017.0,Thueringen,1,forest,0.7157944546923246,0.012224674752467317,-0.6984598461905867,0.03281145159970549,-0.7312712977902915,0.01655948581873366
2017.0,Baden-Wuerttemberg,2,grassland,0.7430670289714324,0.015360684656302526,-0.08408388255040325,0.007383787278022476,-0.09146766982842573,0.18075172611056528
2017.0,Bayern,2,grassland,0.750028915212147,0.012520760087804938,-0.09520674762859456,4.333684800003285E-4,-0.09564011610859498,0.17882750801939487
2017.0,Berlin,2,grassland,0.6022307692307693,0.024648901098901166,-1.5221293267383444,0.0838008815812096,-1.6059302083195541,0.01525369163346118
2017.0,Brandenburg,2,grassland,0.6718557983134713,0.027459392944544123,-1.3436994821618062,0.07052277607093381,-1.4142222582327406,0.01913581379695388
2017.0,Bremen,2,grassland,0.7079924330890707,0.011004477756069735,-0.9757484962857221,0.04466729194894624,-1.0204157882346683,0.010861701813980634
2017.0,Hamburg,2,grassland,0.6791456084959816,0.017798453736761595,-1.2670048444969497,0.050846667797218255,-1.3178515122941685,0.01351489416071177
2017.0,Hessen,2,grassland,0.7370672984960275,0.0278896149603648,-0.6610528817232534,0.036115549919121616,-0.6971684316423747,0.039968916944924285
2017.0,Mecklenburg-Vorpommern,2,grassland,0.687037396269988,0.021391453923463945,-1.3905352082466542,0.071126532838136,-1.4616617410847894,0.014501078664292339
2017.0,Niedersachsen,2,grassland,0.7363261956433839,0.022324639764910014,-0.9358366158623839,0.044850924804498676,-0.9806875406668824,0.022472562356857302
2017.0,Nordrhein-Westfalen,2,grassland,0.7316399011773318,0.026504033290922675,-0.5432723490519884,0.03460571092218543,-0.5778780599741742,0.04805555925784979
2017.0,Rheinland-Pfalz,2,grassland,0.6861645191798362,0.02277344149950107,-0.36882449513831234,0.016460493295073337,-0.38528498843338577,0.07034274159920766
2017.0,Saarland,2,grassland,0.7181270942499828,0.031646886758790696,-0.1784291620106116,0.0013036782911651612,-0.17973284030177675,0.18585862896634206
2017.0,Sachsen,2,grassland,0.6784905600394413,0.018713550878440885,-0.705989335374621,0.029083942828023866,-0.7350732782026451,0.025622022172266435
2017.0,Sachsen-Anhalt,2,grassland,0.6830139909014024,0.03887455848245023,-1.2771597481428896,0.057100044471544834,-1.334259792614434,0.02928729982984897
2017.0,Schleswig-Holstein,2,grassland,0.741499622891355,0.022484449215222847,-1.1492431959827996,0.048503706109711865,-1.1977469020925102,0.01869550220536629
2017.0,Thueringen,2,grassland,0.7139011975577982,0.022041219196407565,-0.7073649542450411,0.03904851918149917,-0.7464134734265402,0.028944272457603733
2017.0,Baden-Wuerttemberg,3,cropland,0.6732478829920022,0.022329178684488075,-0.2336881915786405,0.015243894958089602,-0.2489320865367296,0.14009120254906873
2017.0,Bayern,3,cropland,0.665789773107576,0.017616635279226082,-0.23110611350484558,0.0016336505048018652,-0.23273976400964794,0.1912950091620565
2017.0,Berlin,3,cropland,0.6172461538461539,0.03242266483516487,-1.501914373606354,0.08416840884847876,-1.5860827824548327,0.02031389924857008
2017.0,Brandenburg,3,cropland,0.6473912361021426,0.031754104090223355,-1.3683957733279126,0.0720872789686097,-1.440483052296522,0.022254926592484355
2017.0,Bremen,3,cropland,0.60786982405892,0.021029060052314717,-1.0270225631587333,0.048591122238788004,-1.0756136853975213,0.019359094332532484
2017.0,Hamburg,3,cropland,0.6571846153846153,0.01568811813186799,-1.2873923634685163,0.05156666041844776,-1.338959023886964,0.011629795904892198
2017.0,Hessen,3,cropland,0.6604960820350068,0.027112163209904148,-0.6894857492373035,0.03762370035688151,-0.7271094495941847,0.037207122488765974
2017.0,Mecklenburg-Vorpommern,3,cropland,0.6521107045861667,0.018267371736952386,-1.3729661846596517,0.0727487626531414,-1.4457149473127948,0.012522479683823643
2017.0,Niedersachsen,3,cropland,0.6887709320572969,0.02464535934352689,-1.0240263595674235,0.05334064665757569,-1.077367006225001,0.022985972992569242
2017.0,Nordrhein-Westfalen,3,cropland,0.6599761483564015,0.02564070423156537,-0.5800106090740721,0.03545986850987342,-0.6154704775839444,0.04663261020945443
2017.0,Rheinland-Pfalz,3,cropland,0.6192707822527062,0.02296415443577237,-0.3755438349926878,0.016124021648826207,-0.39166785664151377,0.0723806140995831
2017.0,Saarland,3,cropland,0.6790564029564742,0.03261602655351766,-0.09637606776872286,-0.006510748681155096,-0.08986531908756774,0.4781935623855068
2017.0,Sachsen,3,cropland,0.6372722479339015,0.02328325999972794,-0.75766474886194,0.03434452773189674,-0.7920092765938372,0.028490686962431948
2017.0,Sachsen-Anhalt,3,cropland,0.6262148764891189,0.03427261720783345,-1.1311524284255718,0.05005309277458852,-1.1812055212001606,0.02935871645631533
2017.0,Schleswig-Holstein,3,cropland,0.6802508267184354,0.015458906851404016,-1.1627069256416467,0.05220431531199343,-1.2149112409536371,0.012581240560253186
2017.0,Thueringen,3,cropland,0.6283486333306679,0.017834677532891082,-0.8118545047880583,0.036644493440095544,-0.8484989982281549,0.02058595957532106
2018.0,Baden-Wuerttemberg,1,forest,0.7189443829663545,-0.00980227896398723,0.7277114865205464,-0.03877061836286939,0.7664821048834174,-0.011229583039721821
2018.0,Bayern,1,forest,0.7017054216810253,-0.010817586543171373,0.6722061474690326,-0.03274668708171285,0.704952834550742,0.008254801711338064
2018.0,Berlin,1,forest,0.6054746101994467,-0.0047286370386947175,0.8487593869981335,-0.05679036219274066,0.9055497491908738,-0.005261706262049089
2018.0,Brandenburg,1,forest,0.6656111142993751,-0.011989485816489913,0.8733989746504564,-0.06272860411347153,0.9361275787639322,-0.011933400170506463
2018.0,Bremen,1,forest,0.6350895366621683,-0.009752880277617126,1.0272131678991474,-0.10757525475280025,1.1347884226519476,-0.008569617079077845
2018.0,Hamburg,1,forest,0.5980764245231993,-0.015296461841238857,1.155855197685928,-0.08108262091186438,1.2369378185977922,-0.012275004945802572
2018.0,Hessen,1,forest,0.7008230647476146,-0.01346915737137456,1.092760197076779,-0.058605335524576994,1.1513655326013565,-0.011235661903745635
2018.0,Mecklenburg-Vorpommern,1,forest,0.6571097617465971,-0.02403787155263828,1.1505856621629362,-0.07817138606638649,1.228757048229322,-0.019378757668992046
2018.0,Niedersachsen,1,forest,0.6858931709256313,-0.015370505703177276,1.1502926138665324,-0.08875536180463718,1.2390479756711694,-0.012268642619086298
2018.0,Nordrhein-Westfalen,1,forest,0.6892791883634685,-0.004185195775080753,1.1265195573599074,-0.0650805256174468,1.1916000829773563,-0.0027624052041947495
2018.0,Rheinland-Pfalz,1,forest,0.7224676641107887,9.755317281476079E-4,0.9797443425680886,-0.04297856375207132,1.022722906320165,8.195746239567724E-4
2018.0,Saarland,1,forest,0.7149656362540275,0.012589447439649796,1.046150477155978,-0.04554219263407549,1.0916926697900542,0.01121735115847111
2018.0,Sachsen,1,forest,0.6579834686944035,-0.0211264340954113,0.9284247159449526,-0.0672206897557467,0.9956454057006979,-0.020258028808033606
2018.0,Sachsen-Anhalt,1,forest,0.6517093016583358,-0.022395038781850285,1.1756058323166052,-0.08465821388217136,1.2602640461987773,-0.01790761508102782
2018.0,Schleswig-Holstein,1,forest,0.6723150003159062,-0.023120248146873662,1.2248624600348117,-0.08847919037329739,1.313341650408111,-0.017449571118764863
2018.0,Thueringen,1,forest,0.6938621706735765,-0.009707609266279576,1.0043151779092876,-0.06139681763783312,1.0657119955471195,-0.007875801231646712
2018.0,Baden-Wuerttemberg,2,grassland,0.7119967489686357,-0.01570959534649439,0.7104819644038294,-0.03777534287920808,0.7482573072830372,-0.019655229104880295
2018.0,Bayern,2,grassland,0.7303007273781145,-0.007207427746227835,0.5079231397703288,-0.022798838960131435,0.5307219787304601,0.010712004173145665
2018.0,Berlin,2,grassland,0.5538307692307692,-0.023751098901098944,0.8330500458873402,-0.055627550204310094,0.8886775960916503,-0.026428942931694854
2018.0,Brandenburg,2,grassland,0.6126775560612643,-0.03171884930766321,0.9052586525923907,-0.07161271294171587,0.9768713655341068,-0.03124174536970136
2018.0,Bremen,2,grassland,0.6815499627728359,-0.015437992560165165,1.034979591495496,-0.1123079032175773,1.1472874947130731,-0.013294321880091328
2018.0,Hamburg,2,grassland,0.6389868029358703,-0.022360351823349885,1.1400975757451415,-0.08144980618626042,1.221547381931402,-0.018052733449252123
2018.0,Hessen,2,grassland,0.6798411267024833,-0.02933655683317933,1.0593338842235975,-0.054569801998877454,1.113903686222475,-0.02634133322139478
2018.0,Mecklenburg-Vorpommern,2,grassland,0.6278507597507333,-0.037795182595790414,1.1556025900254911,-0.07550704936448491,1.2311096393899763,-0.030624243169709214
2018.0,Niedersachsen,2,grassland,0.6884727019025421,-0.025528853975931888,0.9984160313284464,-0.1100606194815993,1.1084766508100459,-0.022671417691546722
2018.0,Nordrhein-Westfalen,2,grassland,0.6846255920209848,-0.020510275865424588,1.096513284114521,-0.06506152146217166,1.1615748055766941,-0.01684170177722398
2018.0,Rheinland-Pfalz,2,grassland,0.6458527449243725,-0.01753833275596272,1.0250075614464422,-0.04489186863353934,1.0698994300799818,-0.015875743148291835
2018.0,Saarland,2,grassland,0.6951319534688745,0.00865174597768261,1.0631042240264015,-0.04671264172442729,1.1098168657508285,0.008009393411010987
2018.0,Sachsen,2,grassland,0.6299385635415472,-0.029838445619453202,0.9276382462875453,-0.06782480594137912,0.9954630522289243,-0.028124045912889577
2018.0,Sachsen-Anhalt,2,grassland,0.5926456178023145,-0.051493814616637684,1.1815913545530612,-0.08760669737687284,1.2691980519299328,-0.0408050487914875
2018.0,Schleswig-Holstein,2,grassland,0.6957896878755265,-0.02322548580060558,1.2098701309519861,-0.09054557963377868,1.3004157105857659,-0.017821242422960425
2018.0,Thueringen,2,grassland,0.6577013246904087,-0.03415865367098215,1.0249425608066718,-0.05961401595963166,1.0845565767663035,-0.03044022496644806
2018.0,Baden-Wuerttemberg,3,cropland,0.6201717497485079,-0.03074695455900604,0.8534972699871227,-0.045378981779247,0.8988762517663669,-0.03379559161905675
2018.0,Bayern,3,cropland,0.6241322996662217,-0.02404083816212869,0.7736440663734094,-0.03636381413172366,0.8100078805051342,-0.02826460324549826
2018.0,Berlin,3,cropland,0.5660999999999998,-0.01872348901098919,0.8182710135709392,-0.05342491929249099,0.8716959328634302,-0.021235766564309824
2018.0,Brandenburg,3,cropland,0.576317726791511,-0.03931940522040777,0.906609979307673,-0.0652794555839734,0.9718894348916471,-0.03980649376072982
2018.0,Bremen,3,cropland,0.5365117430441899,-0.050329020962415254,1.1120397938689017,-0.10563793204426113,1.2176777259131626,-0.04100527545453401
2018.0,Hamburg,3,cropland,0.6200846153846155,-0.02141188186813181,1.1602848623531052,-0.08193535442990355,1.2422202167830088,-0.01709913446625193
2018.0,Hessen,3,cropland,0.5914933479941608,-0.04189057083094209,1.1063206725626784,-0.05901221350892824,1.1653328860716063,-0.036111521459753756
2018.0,Mecklenburg-Vorpommern,3,cropland,0.5889612249755423,-0.04488210787367189,1.1840717417670192,-0.07976841414391134,1.263840155910928,-0.03606857636773104
2018.0,Niedersachsen,3,cropland,0.6316504134316544,-0.03247515928211536,1.1255136382245168,-0.09293503946124601,1.2184486776857644,-0.026498029116252247
2018.0,Nordrhein-Westfalen,3,cropland,0.5977683532406173,-0.03656709088421851,1.165822301198826,-0.07170924258450168,1.2375315437833296,-0.029341774781226803
2018.0,Rheinland-Pfalz,3,cropland,0.575013719561595,-0.021292908255338677,1.0413649533092977,-0.04531467640170937,1.0866796297110066,-0.019540948508930643
2018.0,Saarland,3,cropland,0.6470155461264714,5.751697235149061E-4,1.083224377448262,-0.04783423086470951,1.1310586083129717,5.502366592005515E-4
2018.0,Sachsen,3,cropland,0.5728310246245848,-0.04115796330958896,1.0190232071019136,-0.07172218139151354,1.090745388493425,-0.036804257027800436
2018.0,Sachsen-Anhalt,3,cropland,0.5430958912835722,-0.048846367997712414,1.1731258649067382,-0.08515436645676834,1.2582802313635033,-0.038798909305531225
2018.0,Schleswig-Holstein,3,cropland,0.632382056572816,-0.03234056260858654,1.2428612315828838,-0.09056187564036357,1.3334231072232472,-0.024212824131366783
2018.0,Thueringen,3,cropland,0.5696019201695027,-0.04091203562827451,1.1268531164137945,-0.07281504439650967,1.199668160810303,-0.033198425649164164
2019.0,Baden-Wuerttemberg,1,forest,0.7421508909142405,0.013404228983897972,0.3630353575569607,0.006437649517884132,0.356597708039077,0.041437627705668466
2019.0,Bayern,1,forest,0.7134025178245987,8.795096004044048E-4,0.685299372329696,-0.012668643183536337,0.6979680155132302,0.0031595699925873522
2019.0,Berlin,1,forest,0.6023578496885247,-0.007845397549616443,1.3525884196712457,-0.030879526616436538,1.3834679462876822,-0.0055844334954150854
2019.0,Brandenburg,1,forest,0.6595184268478853,-0.01808217326798029,1.1877249675246704,-0.02823085979978834,1.2159558273244615,-0.015025608564253475
2019.0,Bremen,1,forest,0.6387373594242015,-0.006105057515583816,0.8175696841441786,-0.022967854100040555,0.8405375382442192,-0.007326004568343651
2019.0,Hamburg,1,forest,0.6088074289208195,-0.004565457443618745,0.633431180303538,0.0012979625519948948,0.6321332177515431,-0.0070301186898515285
2019.0,Hessen,1,forest,0.7242601348149162,0.009967912695926704,0.7122120138979096,-0.021716154660089675,0.7339281685579976,0.013655861379317989
2019.0,Mecklenburg-Vorpommern,1,forest,0.6734447543366313,-0.007702878962603805,0.8791957968902593,-0.009538643927628697,0.8887344408178884,-0.0073764174717234855
2019.0,Niedersachsen,1,forest,0.6972556827993607,-0.004007993829447173,0.8588896878997998,-0.02144874770240361,0.8803384356022047,-0.0037127051382588347
2019.0,Nordrhein-Westfalen,1,forest,0.6890431998983093,-0.004421184240240486,0.8473111480933194,-0.04218501413361032,0.8894961622269307,-0.004559052561253711
2019.0,Rheinland-Pfalz,1,forest,0.7315373513511806,0.010045218968539734,0.6314808826757031,-0.02027675188007086,0.6517576345557755,0.015997221529393847
2019.0,Saarland,1,forest,0.709497090294132,0.007120901479753919,0.536217519259287,-0.02371277455252911,0.5599302938118162,0.012598314457463813
2019.0,Sachsen,1,forest,0.6705247331067592,-0.008585169683056294,0.9762306950549108,-0.030104524808615706,1.0063352198635256,-0.00843080190594446
2019.0,Sachsen-Anhalt,1,forest,0.6571685750625001,-0.016935765377686172,0.9763059906232209,-0.017728091659299068,0.994034082282519,-0.014541678087963585
2019.0,Schleswig-Holstein,1,forest,0.6991709415574162,0.0037356930946363704,0.5999721891316184,-0.0027034836139327866,0.6026756727455503,0.006361597408768234
2019.0,Thueringen,1,forest,0.7068309218292632,0.0032611418894060735,0.7718933157270477,-0.016805876145267556,0.788699191872316,0.005761557737677645
2019.0,Baden-Wuerttemberg,2,grassland,0.7383396143616678,0.010633270046537652,0.35777227633883396,0.00903406518029946,0.34873821115853454,0.0329534980553998
2019.0,Bayern,2,grassland,0.73963648227442,0.0021283271500781593,0.5528114177877947,-0.005501221525979801,0.5583126393137748,0.005982763196152902
2019.0,Berlin,2,grassland,0.5593461538461539,-0.018235714285714244,1.34911309664394,-0.03243655279688229,1.3815496494408221,-0.013104609162197016
2019.0,Brandenburg,2,grassland,0.6204773286264924,-0.02391907674243486,1.1715335617646432,-0.029798565385590885,1.2013321271502349,-0.020373534300969526
2019.0,Bremen,2,grassland,0.694156981072926,-0.002830974260075094,0.8323205058391641,-0.024066941734222327,0.8563874475733864,-0.003351825972687626
2019.0,Hamburg,2,grassland,0.6623332581597505,9.861034005307098E-4,0.6444601635862894,0.004732927076924556,0.6397272365093647,0.0014648216516533407
2019.0,Hessen,2,grassland,0.7170034910719933,0.007825807536330753,0.6950249752567689,-0.020281733396634152,0.7153067086534028,0.01053873136065
2019.0,Mecklenburg-Vorpommern,2,grassland,0.6550348220583808,-0.010611120288143044,0.8839146447462848,-0.00997153656893774,0.8938861813152227,-0.010180482652372936
2019.0,Niedersachsen,2,grassland,0.705291174162415,-0.008710381716058707,0.7681654934969632,-0.024453853698570047,0.7926193471955326,-0.01023241966818386
2019.0,Nordrhein-Westfalen,2,grassland,0.7000066617865354,-0.005129206099874234,0.8079913111437864,-0.0372515197478118,0.8452428308915981,-0.005303056641326842
2019.0,Rheinland-Pfalz,2,grassland,0.6749657984074529,0.011574720727117828,0.6847297433957256,-0.021891447192954334,0.7066211905886796,0.017982504595439548
2019.0,Saarland,2,grassland,0.693016156640816,0.006535949149624162,0.544794789131781,-0.026833918455373827,0.5716287075871548,0.011297050314984871
2019.0,Sachsen,2,grassland,0.6491078963138637,-0.01066911284713683,0.9853776161118132,-0.030398024262203352,1.0157756403740164,-0.010309390711450891
2019.0,Sachsen-Anhalt,2,grassland,0.6219951419651584,-0.02214429045379354,0.9953041059063279,-0.01579128468658831,1.0110953905929165,-0.02044971366576398
2019.0,Schleswig-Holstein,2,grassland,0.7277861277766492,0.008770954100516959,0.5826147706143391,-0.009435288971034976,0.5920500595853747,0.01631713707983927
2019.0,Thueringen,2,grassland,0.6942833024657445,0.002423324104354129,0.6314876333935957,-0.01090448169799882,0.6423921150915947,0.00379468290298308
2019.0,Baden-Wuerttemberg,3,cropland,0.6687443846503793,0.0178256803428661,0.3706124518236072,0.005502002373996328,0.36511044944961096,0.05106406799023558
2019.0,Bayern,3,cropland,0.6538681777737922,0.00569503994544118,0.5736026622243152,-0.003532883341315606,0.5771355455656324,0.012668797270439429
2019.0,Berlin,3,cropland,0.5736769230769231,-0.011146565934065933,1.3492181835778467,-0.033211426410196504,1.3824296099880433,-0.008005119866821597
2019.0,Brandenburg,3,cropland,0.5923264900743715,-0.02331064193754826,1.1608434109436845,-0.02849779741847249,1.189341208362157,-0.019773609415146977
2019.0,Bremen,3,cropland,0.5763030073649755,-0.010537756641629691,0.9001720562460983,-0.028769204060348712,0.9289412603064471,-0.011197724810639983
2019.0,Hamburg,3,cropland,0.6409692307692308,-5.272664835164198E-4,0.6384091891980255,0.006393878149445087,0.6320153110485804,-8.212677710991884E-4
2019.0,Hessen,3,cropland,0.644455295173838,0.011071376348735408,0.7285814596521969,-0.022294136209067922,0.7508755958612646,0.0146568496873402
2019.0,Mecklenburg-Vorpommern,3,cropland,0.6256663546778322,-0.008176978171381962,0.8500018958918947,-0.010252689919344892,0.8602545858112399,-0.008242998123795127
2019.0,Niedersachsen,3,cropland,0.6542740252739514,-0.009851547439819381,0.881878634165817,-0.028038147147985776,0.9099167813138026,-0.010129552401208882
2019.0,Nordrhein-Westfalen,3,cropland,0.6235408571998926,-0.01079458692494248,0.8486690641930852,-0.037458115082525625,0.8861271792756096,-0.011738997478187027
2019.0,Rheinland-Pfalz,3,cropland,0.6094547764195924,0.013148148602658281,0.7243967496722965,-0.021018696313213597,0.7454154459855106,0.018634507767094105
2019.0,Saarland,3,cropland,0.6539868765398305,0.0075465001368738216,0.5344837330474295,-0.023038320759463632,0.557522053806893,0.01342693820577369
2019.0,Sachsen,3,cropland,0.6031251084174852,-0.010863879516688995,0.9470407460658475,-0.027730466994511788,0.974771213060361,-0.010869798300995256
2019.0,Sachsen-Anhalt,3,cropland,0.5688385087094987,-0.023103750571785785,0.9660809793130787,-0.016876274494876175,0.9829572538079558,-0.022790292688834767
2019.0,Schleswig-Holstein,3,cropland,0.6713855931232929,0.006593673256261881,0.5650940862743448,-0.00579500305538247,0.5708890893297266,0.012327692646125986
2019.0,Thueringen,3,cropland,0.6030522204212363,-0.007461735376540374,0.7986337048444461,-0.019519788298995696,0.818153493143439,-0.007436655450266214
2020.0,Baden-Wuerttemberg,1,forest,0.7222133657416324,-0.006533296188710284,-0.587260304169891,-0.006302303196450892,-0.5809580009734407,-0.015919807159144973
2020.0,Bayern,1,forest,0.7072577456304225,-0.0052652625937730894,-0.8442041252056025,0.014897750948558641,-0.8591018761541638,-0.010305673302170335
2020.0,Berlin,1,forest,0.6151083913143728,0.004905144076231366,-0.1174064158732042,-0.02597892692787428,-0.09142748894532995,0.041674786700141624
2020.0,Brandenburg,1,forest,0.6705090893153047,-0.007091510800561196,-0.18225495321450336,-0.021919023539161708,-0.16033592967534174,-0.04360831954077813
2020.0,Bremen,1,forest,0.6402448245614034,-0.004597592378381828,-0.05152853596145065,3.3068165142983096E-4,-0.051859217612880475,-0.08219419910365071
2020.0,Hamburg,1,forest,0.60542128008036,-0.007951606284078193,0.029108713573829017,-0.009001935966631262,0.03811064954046028,-0.1518577655047326
2020.0,Hessen,1,forest,0.6991025966168093,-0.015189625502180866,-0.2523977969351022,-0.020125781649558024,-0.23227201528554414,-0.10480505070098091
2020.0,Mecklenburg-Vorpommern,1,forest,0.6818200459418883,6.724126426529189E-4,-0.21026162307621898,-0.018264684795660006,-0.19199693828055908,0.010791609013003297
2020.0,Niedersachsen,1,forest,0.6926458364163448,-0.008617840212464032,-0.21589179351302093,0.003410474492997497,-0.21930226800601865,-0.05531755492350276
2020.0,Nordrhein-Westfalen,1,forest,0.6714272553465404,-0.022037128792009086,-0.13827512198867134,-0.02696624743386009,-0.11130887455481131,-0.27764990504864256
2020.0,Rheinland-Pfalz,1,forest,0.6998332520103154,-0.02165888037232418,-0.16556406854102593,-0.042679146282802435,-0.12288492225822316,-0.31094868984507956
2020.0,Saarland,1,forest,0.6766135277986274,-0.025762661015750563,-0.16567947321376353,-0.0370717118414006,-0.12860776137236302,-0.22745666539973314
2020.0,Sachsen,1,forest,0.6747677860161709,-0.00434211677364447,-0.5356213152808018,0.00973448543957022,-0.5453558007203718,-0.012404092977139004
2020.0,Sachsen-Anhalt,1,forest,0.6646171224531565,-0.00948721798702958,-0.3054102619224978,0.004254870906214243,-0.3096651328287124,-0.027830363810582712
2020.0,Schleswig-Holstein,1,forest,0.69072255324142,-0.004712695221359757,0.013792464579699154,-0.015126315908823233,0.0289187804885224,-0.051179796141163345
2020.0,Thueringen,1,forest,0.691867092891306,-0.011702687048551378,-0.4694784070244105,0.0053435485638968945,-0.47482195558830886,-0.02530099914128945
2020.0,Baden-Wuerttemberg,2,grassland,0.7234974189716287,-0.004208925343501389,-0.740559901667359,0.002680619449757228,-0.7432405211171158,-0.009323415841691142
2020.0,Bayern,2,grassland,0.7366656245283915,-8.425305959507923E-4,-0.9523797773350325,0.015564330603968904,-0.9679441079390013,-0.002514657799252791
2020.0,Berlin,2,grassland,0.5633071428571429,-0.014274725274725286,-0.11400506684429601,-0.029919633201658358,-0.08408543364263765,-0.1517208851791513
2020.0,Brandenburg,2,grassland,0.6419753098772439,-0.0024210954916833714,-0.1922236606669497,-0.01895146608384561,-0.17327219458310408,-0.016728189183731285
2020.0,Bremen,2,grassland,0.691395258714795,-0.005592696618205983,-0.05520525801874568,8.962208621101206E-4,-0.056101478880855815,-0.07097722087082553
2020.0,Hamburg,2,grassland,0.6598172955376181,-0.0015298592216019353,5.536327442139053E-4,-0.004300166875946118,0.004853799620160023,0.0024327909789710334
2020.0,Hessen,2,grassland,0.6915842104805126,-0.017593473055149907,-0.27518135728084736,-0.019786572204039794,-0.2553947850768076,-0.10507276643276388
2020.0,Mecklenburg-Vorpommern,2,grassland,0.6692654901666292,0.003619547820105234,-0.23538895952600825,-0.016302206268762658,-0.21908675325724555,0.017969640699767635
2020.0,Niedersachsen,2,grassland,0.7061935755704398,-0.007807980308034233,0.004734824107516089,-0.0024658197538146727,0.007200643861330745,-0.1504502069446905
2020.0,Nordrhein-Westfalen,2,grassland,0.6822774929194519,-0.02285837496695746,-0.11937952098399239,-0.028476075241566968,-0.09090344574242545,-0.3630816808075019
2020.0,Rheinland-Pfalz,2,grassland,0.6291965109147173,-0.0341945667656175,-0.14232156305522775,-0.043204177997676875,-0.09911738505755094,-0.5646933719658137
2020.0,Saarland,2,grassland,0.6518551900869342,-0.03462501740425786,-0.16706570218174627,-0.03675931163741528,-0.130306390544331,-0.2948856714405285
2020.0,Sachsen,2,grassland,0.6554881461485639,-0.004288863012436469,-0.5591398006508985,0.012565768509764893,-0.5717055691606633,-0.015145211405422873
2020.0,Sachsen-Anhalt,2,grassland,0.6401219958077641,-0.004017436611187888,-0.2884263277527196,0.004146254844908583,-0.2925725825976284,-0.010562514556017788
2020.0,Schleswig-Holstein,2,grassland,0.7127979492520953,-0.006217224424036809,0.12538331094941693,-0.021853532638983517,0.14723684358840042,-0.04881421028948941
2020.0,Thueringen,2,grassland,0.6813209680240184,-0.010539010337372288,-0.4309945117730884,-3.3168063242755146E-4,-0.4306628311406607,-0.02450057857008859
2020.0,Baden-Wuerttemberg,3,cropland,0.6443323711246615,-0.006586333182851832,-0.5820723905853606,-0.005721927938192877,-0.5763504626471666,-0.019732619552586452
2020.0,Bayern,3,cropland,0.6492717980288789,0.001098660200529163,-0.8724709889008103,0.017047982322434704,-0.8895189712232452,-0.00257051232809276
2020.0,Berlin,3,cropland,0.5816,-0.0032234890109890113,-0.12192290171072884,-0.030550276962517275,-0.09137262474821156,-0.031798417166325574
2020.0,Brandenburg,3,cropland,0.6126766322393271,-0.002960499772591918,-0.1798849017900411,-0.022401508714748268,-0.15748339307529277,-0.018873108430165424
2020.0,Bremen,3,cropland,0.5890904825227965,0.002249718516191317,-0.09483628836223897,4.987484778206459E-4,-0.09533503684005963,0.022792123491007076
2020.0,Hamburg,3,cropland,0.6394,-0.002096497252747298,-2.0416848263238307E-4,-0.005795447914688667,0.005591279432056284,-0.13446601748646855
2020.0,Hessen,3,cropland,0.6182306461048515,-0.015153272720250957,-0.2339263823957878,-0.018985975793523405,-0.21494040660226446,-0.17334282982590626
2020.0,Mecklenburg-Vorpommern,3,cropland,0.6444507580563843,0.010607425207170361,-0.2254903415446986,-0.018715811301696562,-0.20677453024300224,0.08868710302085933
2020.0,Niedersachsen,3,cropland,0.6592572671177239,-0.004868305596046237,-0.18373304987060962,9.441605645513071E-4,-0.18467721043516164,-0.04794211552617983
2020.0,Nordrhein-Westfalen,3,cropland,0.6210368495736531,-0.013298594551183027,-0.12932681015255099,-0.022577882051438545,-0.10674892810111228,-0.15894662710816335
2020.0,Rheinland-Pfalz,3,cropland,0.5667832525833106,-0.029523375233622928,-0.1582561467587886,-0.04396792350407646,-0.11428822325471207,-0.44246562716353555
2020.0,Saarland,3,cropland,0.6045026182003052,-0.041937758202651415,-0.12201430859464941,-0.041136597286964185,-0.08087771130768524,-0.4854846537389554
2020.0,Sachsen,3,cropland,0.6094875377132578,-0.004501450220916093,-0.47244147775265083,0.006417160817926425,-0.47885863857057676,-0.014869438996784138
2020.0,Sachsen-Anhalt,3,cropland,0.5876484728396089,-0.00429378644167559,-0.29620408434633294,0.003387459210639976,-0.2995915435569731,-0.01234038172522862
2020.0,Schleswig-Holstein,3,cropland,0.6617213180884872,-0.003001301092915103,0.009608938237080722,-0.016555336944660718,0.02616427518174148,-0.034733850499124815
2020.0,Thueringen,3,cropland,0.607236262390716,-0.003277693407060662,-0.38552699803603857,0.001435632842591964,-0.386962630878631,-0.00939571798414337
2021.0,Baden-Wuerttemberg,1,forest,0.7282481221501828,-4.985397801604623E-4,-1.6401240793021756,0.05745597499049793,-1.697580054292673,-5.132847991073288E-4
2021.0,Bayern,1,forest,0.7190202797178461,0.006497271493651793,-1.3137791467164135,0.050607568977028956,-1.3643867156934373,0.0037466673921483186
2021.0,Berlin,1,forest,0.6066731795309978,-0.003530067707143342,-0.4918587902294902,0.04091727946573772,-0.5327760696952278,-0.006450601922444518
2021.0,Brandenburg,1,forest,0.6894449061044526,0.011844305988586948,-0.45971076103076025,0.04044445396212633,-0.5001552149928871,0.02541391099480891
2021.0,Bremen,1,forest,0.6525413315339631,0.007698914594177791,-0.31557522955210177,0.04860697268064594,-0.3641822022327477,0.02100119958411225
2021.0,Hamburg,1,forest,0.6136437386825954,2.7085231815724125E-4,-0.07690296948862424,0.02912829530305171,-0.10603126479167592,0.005901176224817772
2021.0,Hessen,1,forest,0.7195798455769278,0.005287623457937145,-1.253924381828212,0.07001289957656996,-1.3239372814047765,0.004138581296426517
2021.0,Mecklenburg-Vorpommern,1,forest,0.6863310718370644,0.005183438537829663,0.04515931471689752,0.0099900313384342,0.03516928337846338,0.0735354980547924
2021.0,Niedersachsen,1,forest,0.7094125082517311,0.008148831622922958,-0.4961380389775869,0.044139581550507255,-0.5402776205280937,0.018212435280218008
2021.0,Nordrhein-Westfalen,1,forest,0.6909338460060394,-0.0025305381325100465,-1.072323136158703,0.06886180526882486,-1.1411849414275268,-0.001664471734951487
2021.0,Rheinland-Pfalz,1,forest,0.7188033390202121,-0.0026887933624288865,-1.4810100623784375,0.07939978780341492,-1.5604098501818553,-0.0019489754295264857
2021.0,Saarland,1,forest,0.7055574009306905,0.003181212116312758,-1.626645704243865,0.0840603274488893,-1.7107060316927547,0.0017677122879536913
2021.0,Sachsen,1,forest,0.6970663123685624,0.017956409578748004,-0.9541627109515798,0.05548933894921739,-1.0096520499007966,0.01782575731145327
2021.0,Sachsen-Anhalt,1,forest,0.6842829565235644,0.010178616083378165,-0.6997793493314949,0.05278017809312076,-0.752559527424616,0.01605605391427183
2021.0,Schleswig-Holstein,1,forest,0.7023131865424105,0.006877938079630847,0.009772611452567708,0.031234903621648553,-0.021462292169080906,0.15090215748231803
2021.0,Thueringen,1,forest,0.7186492274421368,0.015079447502279394,-1.1553829151815846,0.06509773092763989,-1.2204806461092248,0.012021724826535775
2021.0,Baden-Wuerttemberg,2,grassland,0.7284620689699823,7.557246548522855E-4,-1.5819028789045866,0.05147950168167354,-1.6333823805862586,-8.999940962961205E-6
2021.0,Bayern,2,grassland,0.7397267881994269,0.0022186330750843366,-1.2598010858292041,0.03704778001911881,-1.296848865848322,0.001032742200735856
2021.0,Berlin,2,grassland,0.6019923076923078,0.024410439560439645,-0.4618509453542252,0.041711767728183385,-0.5035627130824086,0.047531565159643185
2021.0,Brandenburg,2,grassland,0.6620749593914343,0.01767855402250722,-0.40675882687823545,0.04066184990630069,-0.4474206767845357,0.05204507969389604
2021.0,Bremen,2,grassland,0.7088914220776678,0.011903466744666476,-0.3278938689346762,0.050493760261307856,-0.37838762919598395,0.03140426666701955
2021.0,Hamburg,2,grassland,0.6659881273577167,0.004640972598496914,-0.10841162931234576,0.02846874758824654,-0.13688037690059227,0.03980336787861915
2021.0,Hessen,2,grassland,0.7278851917629445,0.018707508227281826,-1.2392522661008907,0.07136928351324724,-1.3106215496141378,0.014207406126667661
2021.0,Mecklenburg-Vorpommern,2,grassland,0.676492648928666,0.01084670658214223,0.07158272957889039,0.007517769299838427,0.06406496027905197,0.20333560376607934
2021.0,Niedersachsen,2,grassland,0.7274906206466518,0.013489064768177817,-0.32350283814855735,0.05485080220471719,-0.3783536403532745,0.039888754088184604
2021.0,Nordrhein-Westfalen,2,grassland,0.7120279525813868,0.006892084694977239,-1.0547613934973499,0.06884939404241087,-1.1236107875397612,0.007065159873219861
2021.0,Rheinland-Pfalz,2,grassland,0.6749303750613881,0.01153929738105297,-1.5110018955722564,0.08100177708753387,-1.5920036726597915,0.006469395564093746
2021.0,Saarland,2,grassland,0.7045587961992595,0.018078588708067563,-1.6474310292445098,0.08710052540253438,-1.7345315546470446,0.010204578721373711
2021.0,Sachsen,2,grassland,0.6774379051966322,0.017660896035631878,-0.9537353583368638,0.05556611727011914,-1.009301475606983,0.017250964093499525
2021.0,Sachsen-Anhalt,2,grassland,0.6655695061794374,0.02143007376048563,-0.5697011509478304,0.04483905999644822,-0.6145402109442787,0.044529228472204606
2021.0,Schleswig-Holstein,2,grassland,0.7214078465679054,0.002392672891773992,-0.014891468907353298,0.038513054026969806,-0.053404522934323094,0.049983556669459334
2021.0,Thueringen,2,grassland,0.7147927785538274,0.022932800192436598,-1.1573509142534582,0.0670016095644376,-1.2243525238178954,0.018489436190318988
2021.0,Baden-Wuerttemberg,3,cropland,0.6645070731724928,0.013588368864979375,-1.6437088720783806,0.06197242855982785,-1.7056813006382103,0.007626369656362436
2021.0,Bayern,3,cropland,0.6638137276537809,0.015640589825430682,-1.3830334470709311,0.05457701940358954,-1.43761046647452,0.010711375574606831
2021.0,Berlin,3,cropland,0.6050615384615384,0.02023804945054941,-0.45268503269415916,0.04119383801696119,-0.49387887071112035,0.0401645129949339
2021.0,Brandenburg,3,cropland,0.6390301996986515,0.023393067686731956,-0.3502355031737531,0.03606296781626773,-0.3862984709900214,0.09333898623561497
2021.0,Bremen,3,cropland,0.6131181464811785,0.026277382474573317,-0.41106603195902836,0.05107590553167437,-0.46214193749070265,0.055653757756545554
2021.0,Hamburg,3,cropland,0.6454769230769231,0.003980425824175793,-0.06127972702542195,0.02037343127183444,-0.08165315829725639,0.04342922707874591
2021.0,Hessen,3,cropland,0.6560272777029101,0.02264335887780687,-1.2519449293840947,0.06815322795644603,-1.3200981573405395,0.017252298143943124
2021.0,Mecklenburg-Vorpommern,3,cropland,0.648167721204007,0.014324388354791936,0.08815595637118442,0.007893035369885126,0.08026292100129918,0.30651371259790483
2021.0,Niedersachsen,3,cropland,0.6792974602313626,0.015171887517591711,-0.5198995938219004,0.04968261714924985,-0.5695822109711512,0.029890819880497525
2021.0,Nordrhein-Westfalen,3,cropland,0.6535379691575727,0.01920252503273651,-0.9938877556159715,0.06583562610402197,-1.0597233817199951,0.018796358791668546
2021.0,Rheinland-Pfalz,3,cropland,0.612541896148569,0.016235268331635508,-1.593634581361473,0.08045669108427879,-1.6740912724457508,0.009575909312271747
2021.0,Saarland,3,cropland,0.6617393156309883,0.015298939228031733,-1.633168101586897,0.08791807087150355,-1.7210861724584008,0.008500207713765286
2021.0,Sachsen,3,cropland,0.6405924799842638,0.026603492050090657,-0.9946439083274023,0.059124221994992655,-1.0537681303223956,0.025236045404704723
2021.0,Sachsen-Anhalt,3,cropland,0.6171979593022595,0.025255700020974037,-0.7463045900977768,0.05483563242793342,-0.8011402225257087,0.037730430572124475
2021.0,Schleswig-Holstein,3,cropland,0.6761917708055004,0.011399850938469232,0.03182839314371583,0.03283177648164967,-0.0010033833379338064,0.25532926852320015
2021.0,Thueringen,3,cropland,0.6383523452586031,0.027838389460825827,-1.1076384020967676,0.06706216537936559,-1.1747005674761337,0.023614079417208167
2022.0,Baden-Wuerttemberg,1,forest,0.7250451431343059,-0.003701518796036278,1.0819492899653211,-0.0451871574501788,1.1271364474154986,-0.002728480711829948
2022.0,Bayern,1,forest,0.6971208210027641,-0.015402187221430146,0.694942409185773,-0.02877244180338364,0.723714850989159,-0.020708617104968716
2022.0,Berlin,1,forest,0.5916361121457105,-0.0185671350924306,0.49120037719621806,-0.036652492145844436,0.5278528693420623,-0.03475283094963824
2022.0,Brandenburg,1,forest,0.6576158626056892,-0.01998473751017639,0.36110912738024464,-0.02859872887815001,0.38970785625839477,-0.05299068754565465
2022.0,Bremen,1,forest,0.6360401349527666,-0.008802281987018856,0.0907665756180239,-0.029291912912060628,0.12005848853008452,-0.08643980370090859
2022.0,Hamburg,1,forest,0.6053593855090188,-0.008013500855419438,0.22093666905801604,-0.03775089846461182,0.2586875675226279,-0.031874929803757765
2022.0,Hessen,1,forest,0.6984757877859594,-0.01581643433303069,0.8234767643168776,-0.04506514072797078,0.8685419050448487,-0.020428196495237312
2022.0,Mecklenburg-Vorpommern,1,forest,0.6697440892592248,-0.011403544040010653,0.22480374422395688,-0.02706035091209236,0.2518640951360492,-0.04747956813421601
2022.0,Niedersachsen,1,forest,0.6792635848908894,-0.02200009173791809,0.3845175447913244,-0.0455150510779535,0.43003259586927783,-0.06945847764096807
2022.0,Nordrhein-Westfalen,1,forest,0.6744610068005903,-0.019003377337959957,0.5103545867704753,-0.03198970309807645,0.5423442898685522,-0.037693076837178464
2022.0,Rheinland-Pfalz,1,forest,0.7089091481650087,-0.012582984217633172,0.9790569717683726,-0.03817044600700462,1.017227417775379,-0.012699717857962523
2022.0,Saarland,1,forest,0.6848174557515629,-0.017558733062814674,1.0906047809398023,-0.036528292127609,1.127133073067413,-0.015410125071036099
2022.0,Sachsen,1,forest,0.6580950382869891,-0.02101486450282612,0.2625334702643106,-0.020759012705729683,0.28329248297004056,-0.16217440762259014
2022.0,Sachsen-Anhalt,1,forest,0.6487637584696906,-0.02534058197049546,0.4717106260967469,-0.038847448593694135,0.5105580746904413,-0.045515719047026545
2022.0,Schleswig-Holstein,1,forest,0.6853643789290796,-0.01007086953370038,0.1093231736846326,-0.026613478268720236,0.13593665195335297,-0.13684046773619993
2022.0,Thueringen,1,forest,0.6788715788025665,-0.024698201137290682,0.7833909972306016,-0.05548024622000621,0.8388712434506068,-0.029675964473357866
2022.0,Baden-Wuerttemberg,2,grassland,0.7234856591797252,-0.0042206851354045965,0.9498117706215639,-0.033815624862013956,0.9836273954835774,-0.002569081918484206
2022.0,Bayern,2,grassland,0.7264838518080754,-0.01102430331626783,0.5335744244298735,-0.012707792088411055,0.5462822165182846,-0.01961230213892903
2022.0,Berlin,2,grassland,0.5476,-0.029981868131868206,0.48691387663605923,-0.037661700992174085,0.5245755776282333,-0.05608536825585938
2022.0,Brandenburg,2,grassland,0.6229798539967943,-0.021416551372133004,0.35717273614783496,-0.031934995286493136,0.3891077314343279,-0.05494359135118654
2022.0,Bremen,2,grassland,0.6831272894705906,-0.01386066586241061,0.1035821699072353,-0.03345586411540053,0.1370380340226358,-0.1172190301535897
2022.0,Hamburg,2,grassland,0.6451575836476957,-0.01618957111152439,0.2859277636015806,-0.04290544541786148,0.32883320901944213,-0.050058254185221494
2022.0,Hessen,2,grassland,0.6839279363078515,-0.025249747227811013,0.8412651524329807,-0.046851088824546305,0.8881162412575266,-0.02998403365589439
2022.0,Mecklenburg-Vorpommern,2,grassland,0.6534355449672694,-0.01221039737925471,0.21280497776328114,-0.026063895670401394,0.23886887343368252,-0.05134431751774761
2022.0,Niedersachsen,2,grassland,0.6984580204856271,-0.015543535392846803,0.1242403672235881,-0.028948007149136035,0.1531883743727242,-0.21526996945584784
2022.0,Nordrhein-Westfalen,2,grassland,0.6807817316334207,-0.024354136252988358,0.5215035576309551,-0.03168954065504933,0.5531930982860046,-0.049394785872688085
2022.0,Rheinland-Pfalz,2,grassland,0.6406926032121161,-0.02269847446821907,0.9781063962618207,-0.04088095184922576,1.0189873481110463,-0.02259573577858141
2022.0,Saarland,2,grassland,0.6546323482149098,-0.031847859276282295,1.0817188629654966,-0.036157702837851184,1.1178765658033478,-0.028305057577584197
2022.0,Sachsen,2,grassland,0.6417049735004484,-0.01807203566055193,0.25412892950104665,-0.019886565944781193,0.2740154954458279,-0.14807542333007348
2022.0,Sachsen-Anhalt,2,grassland,0.6127154349186184,-0.031423997500333485,0.45530698149161664,-0.04197737056355642,0.49728435205517313,-0.05887705847146697
2022.0,Schleswig-Holstein,2,grassland,0.7035060701330963,-0.015509103543035797,0.02464571288748722,-0.023025278246695927,0.04767099113418319,-0.40206299967988185
2022.0,Thueringen,2,grassland,0.6620236215529014,-0.029836356808489423,0.8875546525709852,-0.061633178300940034,0.9491878308719254,-0.031683020517628536
2022.0,Baden-Wuerttemberg,3,cropland,0.6375656332748787,-0.01335307103263501,1.0431233995424996,-0.043497931902565894,1.0866213314450663,-0.011004619974719103
2022.0,Bayern,3,cropland,0.6268125251370513,-0.02136061269129952,0.7252613614084605,-0.031273385846820635,0.7565347472552814,-0.028222041251574622
2022.0,Berlin,3,cropland,0.5400153846153846,-0.04480810439560445,0.49343111144742835,-0.03716941341277094,0.5306005248601993,-0.08288579521300307
2022.0,Brandenburg,3,cropland,0.5918593962476334,-0.023777735764285712,0.36411319604643977,-0.03224529181528272,0.39635848786172356,-0.06094710472754523
2022.0,Bremen,3,cropland,0.5543688011456629,-0.03247196286094227,0.15929545015410798,-0.04130486462674059,0.20060031478084858,-0.15408177673548723
2022.0,Hamburg,3,cropland,0.6334846153846154,-0.008011881868131843,0.2972405984837536,-0.04023296952674893,0.33747356801050254,-0.023057528991355335
2022.0,Hessen,3,cropland,0.6091700562774953,-0.0242138625476075,0.8387561073235458,-0.04693434285536472,0.8856904501789106,-0.02950337356333753
2022.0,Mecklenburg-Vorpommern,3,cropland,0.6204018759982901,-0.01344145685092463,0.17860550189570762,-0.02479700098681298,0.20340250288252082,-0.07079265471396214
2022.0,Niedersachsen,3,cropland,0.6382400940893145,-0.025885478624456525,0.3285189727733616,-0.042093416935025205,0.3706123897083875,-0.10212843055902693
2022.0,Nordrhein-Westfalen,3,cropland,0.6087989788394997,-0.025536465285336422,0.44796291050370746,-0.031161225984324043,0.4791241364880302,-0.055380046242491654
2022.0,Rheinland-Pfalz,3,cropland,0.5759062307588252,-0.020400397058108366,1.0236398494441281,-0.04122250817902515,1.0648623576231524,-0.019350190438718218
2022.0,Saarland,3,cropland,0.6158476430331234,-0.030592733369833036,1.0194733840228893,-0.03424090652714035,1.05371429055003,-0.02876025386331975
2022.0,Sachsen,3,cropland,0.5933650683912172,-0.020623919542956875,0.2554107871458948,-0.0233589403444043,0.2787697274902989,-0.16276844151980033
2022.0,Sachsen-Anhalt,3,cropland,0.561171982280726,-0.030770277000559346,0.4872384840759332,-0.04216255017663429,0.5294010342525667,-0.05700377121575405
2022.0,Schleswig-Holstein,3,cropland,0.6522831060203506,-0.012508813846680095,0.07154558002512543,-0.026068512080242145,0.09761409210536744,-0.20166773223899176
2022.0,Thueringen,3,cropland,0.579569467360571,-0.03094448843720617,0.7248667784109339,-0.05228690392736731,0.7771536823383017,-0.038921449169713296
2023.0,Baden-Wuerttemberg,1,forest,0.7277901257265978,-9.565362037455018E-4,0.3203604068437651,-0.02172246543356481,0.3420828722773298,-0.0032223197623476962
2023.0,Bayern,1,forest,0.7212626847678408,0.008739676543646045,0.19278537062623302,-0.02859463567388413,0.22138000630011617,0.10303279724665049
2023.0,Berlin,1,forest,0.6249772984539432,0.014774051215802124,-0.45718575120753874,0.005913225021778055,-0.46309897622931695,0.03145534354582829
2023.0,Brandenburg,1,forest,0.6929183024357624,0.015317702319895434,-0.38931401401785765,0.005610235652934645,-0.394924249670793,0.03753758569056273
2023.0,Bremen,1,forest,0.6428310436347279,-0.002011373305057601,-0.2343516293763121,0.021919783639787253,-0.25627141301609935,-0.007718850868082835
2023.0,Hamburg,1,forest,0.6183596876984223,0.004986801333983952,-0.24817789184279337,0.0075779754457059355,-0.2557558672884993,0.019937200388285763
2023.0,Hessen,1,forest,0.7174133773278037,0.0031211552088144688,0.041238791635248497,-0.016831430274752063,0.058070221910000566,0.05633055694448515
2023.0,Mecklenburg-Vorpommern,1,forest,0.6893370033057652,0.00818937000652978,-0.4045133164957669,0.013454409502380273,-0.4179677259981471,0.01712432070136657
2023.0,Niedersachsen,1,forest,0.7053976416113928,0.004133964982583943,-0.19524060573267288,0.008943025342545496,-0.20418363107521872,0.021281867559281766
2023.0,Nordrhein-Westfalen,1,forest,0.7059817986310136,0.012517414492464287,-0.13903490748399983,0.004844600148991618,-0.14387950763299148,0.11052989227821307
2023.0,Rheinland-Pfalz,1,forest,0.731786901074634,0.010294768691993177,0.05487096841363822,-0.013161188294051598,0.06803215670769,0.18795510356122525
2023.0,Saarland,1,forest,0.7191931866777156,0.016816997863337475,0.08353956620719641,-0.01420795538921686,0.09774752159641327,0.1568933881482282
2023.0,Sachsen,1,forest,0.6933363881147785,0.014226485324963406,-0.1511167569344624,-0.008861585014217946,-0.1422551719202444,0.12978734314995186
2023.0,Sachsen-Anhalt,1,forest,0.6842473267879297,0.010142986347742753,-0.2266429452983648,-0.0028461667813139773,-0.22379677851705104,0.04750464224543386
2023.0,Schleswig-Holstein,1,forest,0.6947787164744907,-6.565319882889254E-4,-0.2624520475112078,0.0030904327727188387,-0.2655424802839266,-0.0022601837012424914
2023.0,Thueringen,1,forest,0.7101129644736632,0.0065431845338068065,-0.06630189056023203,-0.015480015706353453,-0.0508218748538785,0.18316428816459338
2023.0,Baden-Wuerttemberg,2,grassland,0.7259908167784141,-0.001715527536716039,0.37339157550593494,-0.027712039547230977,0.4011036150531663,-0.004271077441214455
2023.0,Bayern,2,grassland,0.7400206706653525,0.0025125155410097937,0.38544387913048894,-0.03782445124344844,0.42326833037393763,0.04252975487170586
2023.0,Berlin,2,grassland,0.6058692307692307,0.028287362637362534,-0.44787357303546926,0.0030817958331592066,-0.45095536886862847,0.06136681455037871
2023.0,Brandenburg,2,grassland,0.6628937385076418,0.01849733313871473,-0.40125178583907883,0.011459346705950845,-0.41271113254502956,0.04436613527146493
2023.0,Bremen,2,grassland,0.6991059602649007,0.0021180049318994996,-0.2320523300677896,0.023726286648125355,-0.25577861671591495,0.007805154564421182
2023.0,Hamburg,2,grassland,0.6641547072330655,0.0028075524738454924,-0.23376917901504,0.006911097902061519,-0.2406802769171015,0.012390152847843523
2023.0,Hessen,2,grassland,0.7137520064291959,0.004574322893533019,0.04009936556338723,-0.01951689798933101,0.05961626355271823,0.11403144757489521
2023.0,Mecklenburg-Vorpommern,2,grassland,0.6741710719629063,0.008525129616382684,-0.4047741736417863,0.010858761357482668,-0.4156329349992691,0.019235147629396064
2023.0,Niedersachsen,2,grassland,0.7268544892351027,0.012852933356628697,-0.2420731869443644,0.017866222636382732,-0.2599394095807468,0.052033190244620935
2023.0,Nordrhein-Westfalen,2,grassland,0.7251294772158852,0.019993609329475717,-0.12350402047420599,0.0028174349576131344,-0.12632145543181914,0.3509593087679303
2023.0,Rheinland-Pfalz,2,grassland,0.6770080107742491,0.01361693309391409,0.059952033578293214,-0.01297520288303511,0.07292723646132833,0.20212220855357943
2023.0,Saarland,2,grassland,0.7054182072242019,0.01893799973300993,0.09007221374283225,-0.015518992501351456,0.1055912062441837,0.16653885185807674
2023.0,Sachsen,2,grassland,0.6774263363466747,0.01764932718567416,-0.16014197673823702,-0.008208290973375072,-0.15193368576486196,0.12499833172613788
2023.0,Sachsen-Anhalt,2,grassland,0.6655535201260091,0.021414087707057307,-0.26715248532191915,0.0034951855934346786,-0.27064767091535386,0.09761228842574195
2023.0,Schleswig-Holstein,2,grassland,0.7245435355226212,0.0055283618464895745,-0.2552489867792736,0.0048569167261461035,-0.26010590350542,0.019910211706297663
2023.0,Thueringen,2,grassland,0.7038473655297975,0.011987387168406952,0.0035323434594625846,-0.02157174812530816,0.025104091584770744,0.2609096777351554
2023.0,Baden-Wuerttemberg,3,cropland,0.6515809848393531,6.622805318395344E-4,0.3141111825079939,-0.024006621705350718,0.33811780421334475,0.0041131635371187605
2023.0,Bayern,3,cropland,0.6554770292945796,0.007303891466230094,0.2505514228926789,-0.03493245375680933,0.28548387664948777,0.06801762237441696
2023.0,Berlin,3,cropland,0.6189307692307693,0.03410728021978027,-0.4468374556822816,0.0033720068891700816,-0.45020946257145167,0.07411251396093317
2023.0,Brandenburg,3,cropland,0.63695973836226,0.021322606350341177,-0.4087168491588034,0.00872813947724492,-0.4174449886360485,0.050669095188082554
2023.0,Bremen,3,cropland,0.6046690466448447,0.01782828263823952,-0.23209029445899984,0.025541093119592774,-0.2576313875785926,0.0671013177684899
2023.0,Hamburg,3,cropland,0.6343076923076922,-0.007188804945055027,-0.25596141305305053,0.011439289271902686,-0.2674007023249532,-0.025914876511862268
2023.0,Hessen,3,cropland,0.6439347410418175,0.010550822216715121,0.02520092461279394,-0.014846652972366757,0.04004757758516066,0.3039737554291578
2023.0,Mecklenburg-Vorpommern,3,cropland,0.6440929636458532,0.010249630796638666,-0.4037253928495526,0.012674732587600159,-0.41640012543715355,0.023193080447413795
2023.0,Niedersachsen,3,cropland,0.6777917616179963,0.01366618890422635,-0.2199416966552829,0.01400530330142475,-0.23394699995670756,0.09434624283972468
2023.0,Nordrhein-Westfalen,3,cropland,0.6542613201357466,0.019925876010910587,-0.19242360317122037,0.010710661823752307,-0.20313426499497278,0.1510702866667379
2023.0,Rheinland-Pfalz,3,cropland,0.6065730833894495,0.010266455572516065,0.0802528153461004,-0.011778192636748851,0.09203100798284918,0.10897274558541171
2023.0,Saarland,3,cropland,0.6661939173282235,0.01975354092526695,0.07262029625937755,-0.012613715633008756,0.08523401189238629,0.21412690020418695
2023.0,Sachsen,3,cropland,0.6305984380805292,0.016609450146355627,-0.17932995605458588,-0.006686734271440939,-0.17264322178314515,0.09714967387333082
2023.0,Sachsen-Anhalt,3,cropland,0.6179439805858885,0.026001721304603702,-0.20899387184180748,-0.0025054679296414367,-0.20648840391216727,0.19169867174910885
2023.0,Schleswig-Holstein,3,cropland,0.6672662182440514,0.0025435990626489747,-0.2598612446340743,0.0020644215944997176,-0.26192566622857394,0.008846104184262057
2023.0,Thueringen,3,cropland,0.6310098910444183,0.02049593524664097,-0.07223710921158347,-0.013295364707917385,-0.05894174450366595,0.6318926280170967
2024.0,Baden-Wuerttemberg,1,forest,0.7206031774607462,-0.008143484469597152,-0.0863446758429633,0.03221299901031909,-0.1185576748532824,-0.09854147425485431
2024.0,Bayern,1,forest,0.7148950075063973,0.002371999282202479,0.21222784914239573,0.03051014540130186,0.1817177037410933,0.036545406944839084
2024.0,Berlin,1,forest,0.6174846943619372,0.007281447123796173,-0.1073777016725857,0.022610180416562885,-0.12998788208914858,0.05454402698805816
2024.0,Brandenburg,1,forest,0.6875817286822313,0.009981128566365493,-0.06908550729890568,0.025871188752969346,-0.09495669605187484,0.2516465642005356
2024.0,Bremen,1,forest,0.6583023517126149,0.01345993477282954,-0.37978734977871526,0.047260069649053604,-0.42704741942776875,0.030477912387713166
2024.0,Hamburg,1,forest,0.6304181191859197,0.01704523282148149,-0.4770186990224635,0.040064794373172466,-0.517083493395636,0.0323428565303849
2024.0,Hessen,1,forest,0.7217024582524014,0.007410236133411302,-0.4868116678461341,0.05492153826933137,-0.5417332061154662,0.01423981320058158
2024.0,Mecklenburg-Vorpommern,1,forest,0.6938865768059054,0.012738943506670505,-0.28576047996556764,0.03862034267648083,-0.3243808226420486,0.03685681333255868
2024.0,Niedersachsen,1,forest,0.7182496898997305,0.016986013270922435,-0.3894901305897176,0.0442680730598538,-0.4337582036495708,0.04062893166070173
2024.0,Nordrhein-Westfalen,1,forest,0.7112731145947995,0.01780873045624994,-0.5829261682362539,0.0570447973932835,-0.6399709656295336,0.028735539102474717
2024.0,Rheinland-Pfalz,1,forest,0.7186586329716053,-0.0028334994110352785,-0.6947761685835855,0.06670042344057553,-0.7614765920241614,-0.0036900584728402058
2024.0,Saarland,1,forest,0.6816521248894054,-0.020724063924972586,-0.7952090926215282,0.07149076698927437,-0.866699859610803,-0.023977543919097243
2024.0,Sachsen,1,forest,0.6874255845533114,0.008315681763496242,0.2131239981750538,0.02803931541921593,0.18508468275583786,0.06553912050707197
2024.0,Sachsen-Anhalt,1,forest,0.6972788676600074,0.023174527219820742,-0.21929400452286107,0.03451685531765256,-0.2538108598405138,0.14186806713362687
2024.0,Schleswig-Holstein,1,forest,0.7088200214139044,0.013384772951124852,-0.49617731199182136,0.048556418691138636,-0.5447337306829603,0.02444277471446103
2024.0,Thueringen,1,forest,0.7125698287140189,0.009000048774162009,-0.16997643191012177,0.04591022461821783,-0.21588665652833983,0.04367653679103397
2024.0,Baden-Wuerttemberg,2,grassland,0.7268113983195539,-8.949459955759828E-4,0.015089076252188202,0.028725033698700286,-0.01363595744651211,-0.013888774508253878
2024.0,Bayern,2,grassland,0.737202180928811,-3.0597419553076506E-4,0.3276347496743429,0.02578682471488271,0.30184792495946106,0.004366958948960125
2024.0,Berlin,2,grassland,0.5864785714285714,0.008896703296703223,-0.12321810719502224,0.027050992052472494,-0.15026909924749474,0.05551103324643095
2024.0,Brandenburg,2,grassland,0.6602366981770753,0.015840292808148373,-0.09003119495879773,0.02965376701446025,-0.11968496197325798,0.264415776353725
2024.0,Bremen,2,grassland,0.7096843352012224,0.012696379868221423,-0.3799823139349619,0.050047149346710715,-0.43002946328167274,0.028689933162013254
2024.0,Hamburg,2,grassland,0.6751938547060614,0.01384669994684155,-0.4618534828528883,0.037695978115617,-0.4995494609685055,0.02696279722037101
2024.0,Hessen,2,grassland,0.7223602070342924,0.013182523498629852,-0.46023687237174254,0.05352126098105978,-0.5137581333528025,0.027730716714681858
2024.0,Mecklenburg-Vorpommern,2,grassland,0.6818798046676179,0.016233862321094014,-0.29320660069950144,0.03834162437712965,-0.33154822507663106,0.04916420164202525
2024.0,Niedersachsen,2,grassland,0.7229256693816292,0.008924113503155136,-0.3941440752012109,0.04836035043752144,-0.4425044256387323,0.020359638749437713
2024.0,Nordrhein-Westfalen,2,grassland,0.7245981337562776,0.019462265869868964,-0.5850908688817261,0.0562061171843903,-0.641296986066116,0.03227043092620789
2024.0,Rheinland-Pfalz,2,grassland,0.6783180589685485,0.014926981288213322,-0.7256477809164851,0.06638137817382425,-0.7920291590903091,0.018225400510310484
2024.0,Saarland,2,grassland,0.669101913844557,-0.01737829364663488,-0.7867641964296423,0.07357836346271956,-0.860342559892362,-0.020079941953097993
2024.0,Sachsen,2,grassland,0.6686216922008321,0.00884468303983162,0.21186167920021606,0.029101858513830788,0.18275982068638524,0.06716391959969899
2024.0,Sachsen-Anhalt,2,grassland,0.671500251650912,0.027360819231959425,-0.229762729785643,0.03579480772068121,-0.2655575375063241,0.15739588997517195
2024.0,Schleswig-Holstein,2,grassland,0.7247905493898065,0.005775375713674746,-0.5231302737338046,0.052986002627665466,-0.5761162763614702,0.010150168903687294
2024.0,Thueringen,2,grassland,0.7070092685166293,0.015149290155238564,-0.25180680995912563,0.04800497597036945,-0.2998117859294952,0.03945238782269038
2024.0,Baden-Wuerttemberg,3,cropland,0.647199554657834,-0.0037191496496801887,-0.12187484961884211,0.035887137433442726,-0.15776198705228484,-0.0411017939207175
2024.0,Bayern,3,cropland,0.6462197719649206,-0.0019533658634289294,0.16355103657772146,0.03284388484584299,0.1307071517318783,0.022164378243728692
2024.0,Berlin,3,cropland,0.5759571428571428,-0.008866346153846183,-0.13756054490269776,0.025621782323365594,-0.16318232722606335,-0.05119659895938751
2024.0,Brandenburg,3,cropland,0.6285356365794571,0.012898504567537147,-0.1243335588472874,0.03154566727035455,-0.155879226117642,0.2522056339569378
2024.0,Bremen,3,cropland,0.6127950607902736,0.025954296783668437,-0.4064921223301269,0.05000513136347481,-0.45649725369360167,0.055626502549335106
2024.0,Hamburg,3,cropland,0.6610642857142859,0.019567788461538616,-0.49109697800527385,0.03819051275971114,-0.5292874907649849,0.03628452132976699
2024.0,Hessen,3,cropland,0.6432639042707418,0.009879985445639042,-0.5235021031340298,0.05629639302592349,-0.579798496159953,0.018041900098961512
2024.0,Mecklenburg-Vorpommern,3,cropland,0.6468950596496399,0.013051726800425196,-0.2986531768719006,0.040217385741139235,-0.33887056261304027,0.038759247476564215
2024.0,Niedersachsen,3,cropland,0.6837226278908631,0.01959705517709256,-0.3883105452484809,0.04509387587145565,-0.43340442111993666,0.04712283526645615
2024.0,Nordrhein-Westfalen,3,cropland,0.6557630764953037,0.021427632370468006,-0.5668054978818017,0.05090030926514243,-0.617705807146943,0.03593651918373913
2024.0,Rheinland-Pfalz,3,cropland,0.604909281421421,0.008602653604487767,-0.7422198046588724,0.06672128430166847,-0.80894108896054,0.009708887833808489
2024.0,Saarland,3,cropland,0.6431806914082361,-0.0032596849947205903,-0.858243312827685,0.07745644888093793,-0.9356997617086228,-0.0036047343183802836
2024.0,Sachsen,3,cropland,0.6246399983281504,0.01065101039397669,0.18260535068292505,0.029612412457054715,0.1529929382258697,0.08477081515806262
2024.0,Sachsen-Anhalt,3,cropland,0.6134264027596045,0.02148414347832184,-0.24379035358426135,0.038422474644758335,-0.2822128282290192,0.10090260510651408
2024.0,Schleswig-Holstein,3,cropland,0.6766512174538288,0.011859297586797954,-0.49837005898743325,0.05188021433250607,-0.5502502733199388,0.021340948718669574
2024.0,Thueringen,3,cropland,0.6269409064065016,0.01642695060872385,-0.2730965855367234,0.05277480966873709,-0.3258713952054607,0.0642229293757796
